Cambio de aminoácido,Accession,Actividad,AlleleID(s),Canonical SPDI,Condition(s),Fuente,GRCh37Chromosome,GRCh37Location,GRCh38Chromosome,GRCh38Location,Gene(s),Germline classification,Germline date last evaluated,Germline review status,Localización,Molecular consequence,Name,Protein change,Variant type,VariationID,dbSNP ID
p.Arg9Ala,,Activa (1),,,,Juan,,,,,,,,,Membrana,,,,,,
p.Gly18Arg,,Inactiva,,,,Juan,,,,,,,,,Membrana,,,,,,
p.Ser43Ala,,Activa (0.6),,,,Juan,,,,,,,,,Membrana,,,,,,
p.Ser43Asp,,Activa (1),,,,Juan,,,,,,,,,Membrana,,,,,,
p.Ser43Thr,,Activa (1),,,,Juan,,,,,,,,,Membrana,,,,,,
p.Arg53His,,-,,,,Juan,,,,,,,,,-,,,,,,
p.Val59Ala,,Activa (0.6),,,,Juan,,,,,,,,,Membrana,,,,,,
p.Val59Arg,,Parcialmente inactiva (0.2),,,,Juan,,,,,,,,,Membrana,,,,,,
p.Val59Asn,,Parcialmente inactiva (0.2),,,,Juan,,,,,,,,,Membrana,,,,,,
p.Val59Asp,,Inactiva,,,,Juan,,,,,,,,,Membrana (reducido),,,,,,
p.Val59Gln,,Activa (0.5),,,,Juan,,,,,,,,,Membrana,,,,,,
p.Val59Glu,,Inactiva,,,,Juan,,,,,,,,,Membrana,,,,,,
p.Val59Ile,,Activa (1),,,,Juan,,,,,,,,,Membrana,,,,,,
p.Val59Leu,,Activa (0.6),,,,Juan,,,,,,,,,Membrana,,,,,,
p.Val59Lys,,Inactiva,,,,Juan,,,,,,,,,Membrana,,,,,,
p.Val59Met,,Activa (0.5),,,,Juan,,,,,,,,,Membrana,,,,,,
p.Val59Pro,,Inactiva,,,,Juan,,,,,,,,,Membrana (reducido),,,,,,
p.Val59Thr,,Activa (0.8),,,,Juan,,,,,,,,,Membrana,,,,,,
p.Ser66Ala,,Parcialmente inactiva (0.4),,,,Juan,,,,,,,,,Membrana,,,,,,
p.Ser66Asp,,Inactiva,,,,Juan,,,,,,,,,Membrana,,,,,,
p.Ser66Cys,,Parcialmente inactiva (0.2),,,,Juan,,,,,,,,,Membrana,,,,,,
p.Ser66His,,Inactiva,,,,Juan,,,,,,,,,Membrana,,,,,,
p.Ser66Thr,,Parcialmente inactiva (0.4),,,,Juan,,,,,,,,,Membrana,,,,,,
p.Ser66Tyr,,Parcialmente inactiva (0.2),,,,Juan,,,,,,,,,Membrana,,,,,,
p.Phe67Ala,,Inactiva,,,,Juan,,,,,,,,,Membrana,,,,,,
p.Phe67Gln,,Inactiva,,,,Juan,,,,,,,,,Membrana,,,,,,
p.Phe67Glu,,Inactiva,,,,Juan,,,,,,,,,Membrana,,,,,,
p.Phe67His,,Parcialmente inactiva (0.2),,,,Juan,,,,,,,,,Membrana,,,,,,
p.Phe67Lys,,Inactiva,,,,Juan,,,,,,,,,Membrana,,,,,,
p.Phe67Leu,,Parcialmente inactiva (0.2),,,,Juan,,,,,,,,,Membrana,,,,,,
p.Ser69Ala,,Inactiva,,,,Juan,,,,,,,,,Membrana,,,,,,
p.Ser69Asp,,Inactiva,,,,Juan,,,,,,,,,Membrana,,,,,,
p.Ser69Cys,,Parcialmente inactiva (0.2),,,,Juan,,,,,,,,,Membrana,,,,,,
p.Ser69Lys,,Inactiva,,,,Juan,,,,,,,,,Membrana,,,,,,
p.Ser69Thr,,Inactiva,,,,Juan,,,,,,,,,Membrana,,,,,,
p.Gln72Ala,,Inactiva,,,,Juan,,,,,,,,,Membrana,,,,,,
p.Gln72Asn,,Inactiva,,,,Juan,,,,,,,,,Membrana,,,,,,
p.Gln72Cys,,Parcialmente inactiva (0.2),,,,Juan,,,,,,,,,Membrana,,,,,,
p.Gln72His,,Inactiva,,,,Juan,,,,,,,,,Membrana,,,,,,
p.Gln72Glu,,Inactiva,,,,Juan,,,,,,,,,Membrana,,,,,,
p.Gln72Ser,,Inactiva,,,,Juan,,,,,,,,,Membrana,,,,,,
p.Gln72Thr,,Parcialmente inactiva (0.2),,,,Juan,,,,,,,,,Membrana,,,,,,
p.Glu79Ala,,Inactiva,,,,Juan,,,,,,,,,Membrana,,,,,,
p.Arg82Ala,,Parcialmente inactiva (0.2),,,,Juan,,,,,,,,,Membrana,,,,,,
p.Lys86Ala,,Parcialmente inactiva (0.4),,,,Juan,,,,,,,,,Membrana,,,,,,
p.Met90Ala,,Parcialmente inactiva (0.2),,,,Juan,,,,,,,,,Membrana,,,,,,
p.Met90Cys,,Inactiva,,,,Juan,,,,,,,,,Membrana,,,,,,
p.Met90Leu,,Inactiva,,,,Juan,,,,,,,,,Membrana,,,,,,
p.Met90Phe,,Inactiva,,,,Juan,,,,,,,,,Membrana,,,,,,
p.Met90Trp,,Inactiva,,,,Juan,,,,,,,,,Membrana,,,,,,
p.Met90Tyr,,Inactiva,,,,Juan,,,,,,,,,Membrana,,,,,,
p.Gly93Ala,,Activa (0.8),,,,Juan,,,,,,,,,-,,,,,,
p.Gly93Arg,,Inactiva,,,,Juan,,,,,,,,,Membrana,,,,,,
p.Gly93Asn,,Parcialmente inactiva (0.2),,,,Juan,,,,,,,,,-,,,,,,
p.Gly93Asp,,Parcialmente inactiva (0.2),,,,Juan,,,,,,,,,-,,,,,,
p.Gly93Gln,,Inactiva,,,,Juan,,,,,,,,,Membrana,,,,,,
p.Gly93Glu,,Inactiva,,,,Juan,,,,,,,,,Membrana,,,,,,
p.Gly93Lys,,Activa (1),,,,Juan,,,,,,,,,Membrana,,,,,,
p.Gly93Ser,,Activa (0.8),,,,Juan,,,,,,,,,-,,,,,,
p.Gly93Thr,,Parcialmente inactiva (0.2),,,,Juan,,,,,,,,,-,,,,,,
p.Tyr110Phe,,Activa (0.8),,,,Juan,,,,,,,,,Membrana,,,,,,
p.Arg111Ala,,Parcialmente inactiva (0.4),,,,Juan,,,,,,,,,Membrana,,,,,,
p.Tyr118Phe,,Activa (0.7),,,,Juan,,,,,,,,,Membrana,,,,,,
p.Glu119Ala,,Activa (0.7),,,,Juan,,,,,,,,,Membrana,,,,,,
p.Tyr120Phe,,Activa (0.8),,,,Juan,,,,,,,,,Membrana,,,,,,
p.Leu121Ala,,Inactiva,,,,Juan,,,,,,,,,Retículo endoplásmico,,,,,,
p.Glu122Ala,,Parcialmente inactiva (0.2),,,,Juan,,,,,,,,,Membrana,,,,,,
p.Arg124Ala,,Inactiva,,,,Juan,,,,,,,,,Retículo endoplásmico,,,,,,
p.Arg124Asn,,Inactiva,,,,Juan,,,,,,,,,Retículo endoplásmico,,,,,,
p.Arg124Asp,,Inactiva,,,,Juan,,,,,,,,,Retículo endoplásmico,,,,,,
p.Arg124Gln,,Activa (0.5),,,,Juan,,,,,,,,,Membrana,,,,,,
p.Arg124Glu,,Inactiva,,,,Juan,,,,,,,,,Retículo endoplásmico,,,,,,
p.Arg124His,,Inactiva,,,,Juan,,,,,,,,,Retículo endoplásmico,,,,,,
p.Arg124Lys,,Inactiva,,,,Juan,,,,,,,,,Retículo endoplásmico,,,,,,
p.Arg124Trp,,Inactiva,,,,Juan,,,,,,,,,Retículo endoplásmico,,,,,,
p.Arg127Ala,,Activa (0.6),,,,Juan,,,,,,,,,Membrana,,,,,,
p.Arg130Ala,,Inactiva,,,,Juan,,,,,,,,,Retículo endoplásmico,,,,,,
p.Arg130Gln,,Activa (0.7),,,,Juan,,,,,,,,,Membrana (reducido),,,,,,
p.Tyr144Ala,,Inactiva,,,,Juan,,,,,,,,,Membrana,,,,,,
p.Tyr144Glu,,Inactiva,,,,Juan,,,,,,,,,Membrana,,,,,,
p.Tyr144His,,Activa (0.5),,,,Juan,,,,,,,,,Membrana,,,,,,
p.Tyr144Leu,,Inactiva,,,,Juan,,,,,,,,,Membrana,,,,,,
p.Tyr144Lys,,Inactiva,,,,Juan,,,,,,,,,Membrana,,,,,,
p.Tyr144Phe,,Inactiva,,,,Juan,,,,,,,,,Membrana,,,,,,
p.Asp163Ala,,Inactiva,,,,Juan,,,,,,,,,Membrana,,,,,,
p.Asp163Glu,,Inactiva,,,,Juan,,,,,,,,,Membrana,,,,,,
p.Phe176Leu,,Activa (1),,,,Juan,,,,,,,,,Membrana,,,,,,
p.Tyr178Phe,,Parcialmente inactiva (0.2),,,,Juan,,,,,,,,,Membrana,,,,,,
p.Ala180Thr,,Activa (1),,,,Juan,,,,,,,,,Membrana,,,,,,
p.Asp191Ala,,Inactiva,,,,Juan,,,,,,,,,Membrana,,,,,,
p.Asp191Asn,,Inactiva,,,,Juan,,,,,,,,,Membrana,,,,,,
p.Asp191Cys,,Inactiva,,,,Juan,,,,,,,,,Membrana,,,,,,
p.Asp191Gln,,Inactiva,,,,Juan,,,,,,,,,Membrana,,,,,,
p.Asp191Glu,,Inactiva,,,,Juan,,,,,,,,,Membrana,,,,,,
p.Asp191His,,Inactiva,,,,Juan,,,,,,,,,Membrana,,,,,,
p.Asp191Lys,,Inactiva,,,,Juan,,,,,,,,,Membrana,,,,,,
p.Asp191Ser,,Parcialmente inactiva (0.2),,,,Juan,,,,,,,,,Membrana,,,,,,
p.Asp191Thr,,Inactiva,,,,Juan,,,,,,,,,Membrana,,,,,,
p.Gln194Ala,,Parcialmente inactiva (0.2),,,,Juan,,,,,,,,,Membrana,,,,,,
p.Gln194Asn,,Inactiva,,,,Juan,,,,,,,,,Membrana,,,,,,
p.Gln194Asp,,Parcialmente inactiva (0.2),,,,Juan,,,,,,,,,Membrana,,,,,,
p.Gln194Cys,,Inactiva,,,,Juan,,,,,,,,,Membrana,,,,,,
p.Gln194Glu,,Parcialmente inactiva (0.3),,,,Juan,,,,,,,,,Membrana,,,,,,
p.Gln194His,,Inactiva,,,,Juan,,,,,,,,,Membrana,,,,,,
p.Gln194Phe,,Parcialmente inactiva (0.2),,,,Juan,,,,,,,,,Membrana,,,,,,
p.Gln194Ser,,Inactiva,,,,Juan,,,,,,,,,Membrana,,,,,,
p.Gln194Tyr,,Parcialmente inactiva (0.2),,,,Juan,,,,,,,,,Membrana,,,,,,
p.Ser200Ala,,Activa (1),,,,Juan,,,,,,,,,Membrana,,,,,,
p.Ser200Arg,,Inactiva,,,,Juan,,,,,,,,,-,,,,,,
p.Ser200Asp,,Parcialmente inactiva (0.3),,,,Juan,,,,,,,,,-,,,,,,
p.Ser200Gly,,Activa (1),,,,Juan,,,,,,,,,Membrana,,,,,,
p.Ser200Thr,,Activa (1),,,,Juan,,,,,,,,,Membrana,,,,,,
p.Ser200Val,,Activa (1),,,,Juan,,,,,,,,,Membrana,,,,,,
p.Asn225Gln,,Activa (1),,,,Juan,,,,,,,,,Membrana,,,,,,
p.His226Ala,,Parcialmente inactiva (0.2),,,,Juan,,,,,,,,,Membrana,,,,,,
p.His226Asp,,Inactiva,,,,Juan,,,,,,,,,Membrana,,,,,,
p.His226Glu,,Inactiva,,,,Juan,,,,,,,,,Membrana,,,,,,
p.His226Lys,,Parcialmente inactiva (0.2),,,,Juan,,,,,,,,,Membrana,,,,,,
p.Ser227Ala,,Inactiva,,,,Juan,,,,,,,,,Membrana,,,,,,
p.Arg228Ala,,Parcialmente inactiva (0.4),,,,Juan,,,,,,,,,Membrana,,,,,,
p.Asp233Ala,,Inactiva,,,,Juan,,,,,,,,,Membrana,,,,,,
p.Asp237Ala,,Inactiva,,,,Juan,,,,,,,,,Membrana (reducido),,,,,,
p.Arg239Ala,,Parcialmente inactiva (0.3),,,,Juan,,,,,,,,,Membrana,,,,,,
p.Arg241Ala,,Inactiva,,,,Juan,,,,,,,,,Membrana,,,,,,
p.Tyr242Ala,,Inactiva,,,,Juan,,,,,,,,,Retículo endoplásmico,,,,,,
p.Thr243Ala,,Inactiva,,,,Juan,,,,,,,,,Retículo endoplásmico,,,,,,
p.Trp255Ala,,Inactiva,,,,Juan,,,,,,,,,Membrana,,,,,,
p.Trp255Tyr,,Inactiva,,,,Juan,,,,,,,,,Membrana,,,,,,
p.Tyr259Ala,,Inactiva,,,,Juan,,,,,,,,,Membrana,,,,,,
p.Tyr259Phe,,Activa (0.8),,,,Juan,,,,,,,,,Membrana,,,,,,
p.Gln263Ala,,Inactiva,,,,Juan,,,,,,,,,Membrana,,,,,,
p.Gln263Asn,,Parcialmente inactiva (0.2),,,,Juan,,,,,,,,,Membrana,,,,,,
p.Gln263Asp,,Inactiva,,,,Juan,,,,,,,,,Membrana,,,,,,
p.Gln263Cys,,Parcialmente inactiva (0.2),,,,Juan,,,,,,,,,Membrana,,,,,,
p.Gln263Glu,,Inactiva,,,,Juan,,,,,,,,,Membrana,,,,,,
p.Gln263His,,Inactiva,,,,Juan,,,,,,,,,Membrana,,,,,,
p.Gln263Phe,,Inactiva,,,,Juan,,,,,,,,,Membrana,,,,,,
p.Gln263Ser,,Inactiva,,,,Juan,,,,,,,,,Membrana,,,,,,
p.Gln263Tyr,,Inactiva,,,,Juan,,,,,,,,,Membrana,,,,,,
p.Gln267Ala,,Parcialmente inactiva (0.2),,,,Juan,,,,,,,,,Membrana,,,,,,
p.Gln267Arg,,Inactiva,,,,Juan,,,,,,,,,Membrana,,,,,,
p.Gln267Asn,,Parcialmente inactiva (0.3),,,,Juan,,,,,,,,,Membrana,,,,,,
p.Gln267Asp,,Inactiva,,,,Juan,,,,,,,,,Membrana,,,,,,
p.Gln267Glu,,Inactiva,,,,Juan,,,,,,,,,Membrana,,,,,,
p.Gln267Lys,,Inactiva,,,,Juan,,,,,,,,,Membrana,,,,,,
p.Tyr269Phe,,Activa (0.6),,,,Juan,,,,,,,,,Membrana,,,,,,
p.Val270Ala,,Activa (0.5),,,,Juan,,,,,,,,,Membrana,,,,,,
p.Val270Arg,,Parcialmente inactiva (0.2),,,,Juan,,,,,,,,,Membrana (reducido),,,,,,
p.Val270Asp,,Inactiva,,,,Juan,,,,,,,,,Retículo endoplásmico,,,,,,
p.Val270Gln,,Parcialmente inactiva (0.4),,,,Juan,,,,,,,,,Membrana,,,,,,
p.Val270Glu,,Inactiva,,,,Juan,,,,,,,,,Retículo endoplásmico,,,,,,
p.Val270Ile,,Activa (0.8),,,,Juan,,,,,,,,,Membrana,,,,,,
p.Val270Leu,,Activa (0.7),,,,Juan,,,,,,,,,Membrana,,,,,,
p.Val270Lys,,Parcialmente inactiva (0.2),,,,Juan,,,,,,,,,Membrana (reducido),,,,,,
p.Asn285Ala,,Parcialmente inactiva (0.1),,,,Juan,,,,,,,,,Membrana,,,,,,
p.Asn285Asp,,Inactiva,,,,Juan,,,,,,,,,Membrana,,,,,,
p.Asn285Gln,,Parcialmente inactiva (0.1),,,,Juan,,,,,,,,,Membrana,,,,,,
p.Asn285Lys,,Inactiva,,,,Juan,,,,,,,,,Membrana,,,,,,
p.Gln286Ala,,Activa (0.5),,,,Juan,,,,,,,,,Membrana,,,,,,
p.Gly288Ser,,Activa,,,,Juan,,,,,,,,,Membrana,,,,,,
p.Leu289Ala,,Parcialmente inactiva (0.4),,,,Juan,,,,,,,,,Membrana,,,,,,
p.Ile292Ala,,Activa (0.5),,,,Juan,,,,,,,,,Membrana,,,,,,
p.Val293Ala,,Parcialmente inactiva (0.2),,,,Juan,,,,,,,,,Membrana,,,,,,
p.Val293Asp,,Inactiva,,,,Juan,,,,,,,,,Membrana,,,,,,
p.Val293Cys,,Parcialmente inactiva (0.3),,,,Juan,,,,,,,,,Membrana,,,,,,
p.Val293Leu,,Parcialmente inactiva (0.4),,,,Juan,,,,,,,,,Membrana,,,,,,
p.Val293Lys,,Inactiva,,,,Juan,,,,,,,,,Membrana,,,,,,
p.Val293Ser,,Parcialmente inactiva (0.2),,,,Juan,,,,,,,,,Membrana,,,,,,
p.Cys298Gly,,-,,,,Juan,,,,,,,,,-,,,,,,
p.Asp311Ala,,Inactiva,,,,Juan,,,,,,,,,Membrana,,,,,,
p.Asp322Ala,,Inactiva,,,,Juan,,,,,,,,,Membrana,,,,,,
p.Asp331Ala,,Parcialmente inactiva (0.2),,,,Juan,,,,,,,,,Membrana,,,,,,
p.Asp331Asn,,Inactiva,,,,Juan,,,,,,,,,Retículo endoplásmico,,,,,,
p.Cys346Ala,,Activa (1),,,,Juan,,,,,,,,,Membrana,,,,,,
p.Tyr348Ala,,Parcialmente inactiva (0.2),,,,Juan,,,,,,,,,Membrana,,,,,,
p.Tyr348Asp,,Inactiva,,,,Juan,,,,,,,,,Retículo endoplásmico,,,,,,
p.Tyr348Gln,,Inactiva,,,,Juan,,,,,,,,,Retículo endoplásmico,,,,,,
p.Tyr348His,,Inactiva,,,,Juan,,,,,,,,,Membrana (reducido),,,,,,
p.Tyr348Leu,,Parcialmente inactiva (0.2),,,,Juan,,,,,,,,,Membrana,,,,,,
p.Tyr348Phe,,Activa (1),,,,Juan,,,,,,,,,Membrana,,,,,,
p.Ser349Ala,,Activa (1),,,,Juan,,,,,,,,,Membrana,,,,,,
p.Ser349Cys,,Activa (0.5),,,,Juan,,,,,,,,,Membrana,,,,,,
p.Thr351Ala,,Inactiva,,,,Juan,,,,,,,,,Membrana,,,,,,
p.Thr351Ser,,Activa (0.6),,,,Juan,,,,,,,,,Membrana,,,,,,
p.Ser353Ala,,Inactiva,,,,Juan,,,,,,,,,Membrana,,,,,,
p.Ser353Thr,,Parcialmente inactiva (0.3),,,,Juan,,,,,,,,,Membrana,,,,,,
p.Thr354Ala,,Inactiva,,,,Juan,,,,,,,,,Membrana,,,,,,
p.Thr354Cys,,Inactiva,,,,Juan,,,,,,,,,Membrana,,,,,,
p.Thr354Gly,,Inactiva,,,,Juan,,,,,,,,,Membrana,,,,,,
p.Thr354Pro,,Inactiva,,,,Juan,,,,,,,,,Membrana,,,,,,
p.Thr354Ser,,Activa (0.7),,,,Juan,,,,,,,,,Membrana,,,,,,
p.Thr354Tyr,,Inactiva,,,,Juan,,,,,,,,,Membrana,,,,,,
p.Ser356Ala,,Inactiva,,,,Juan,,,,,,,,,Membrana,,,,,,
p.Ser356Pro,,Inactiva,,,,Juan,,,,,,,,,Membrana,,,,,,
p.Ser356Thr,,Activa (0.5),,,,Juan,,,,,,,,,Membrana,,,,,,
p.Thr357Ala,,Inactiva,,,,Juan,,,,,,,,,Membrana,,,,,,
p.Thr357Cys,,Inactiva,,,,Juan,,,,,,,,,Membrana,,,,,,
p.Thr357Ser,,Activa (0.6),,,,Juan,,,,,,,,,Membrana,,,,,,
p.Thr357Pro,,Inactiva,,,,Juan,,,,,,,,,Membrana,,,,,,
p.Ser358Ala,,Activa (1),,,,Juan,,,,,,,,,Membrana,,,,,,
p.Asn360Ala,,Parcialmente inactiva (0.3),,,,Juan,,,,,,,,,Membrana,,,,,,
p.Asn360Asp,,Inactiva,,,,Juan,,,,,,,,,Membrana,,,,,,
p.Asn360Gln,,Parcialmente inactiva (0.4),,,,Juan,,,,,,,,,Membrana,,,,,,
p.Ala364Gly,,Activa (0.7),,,,Juan,,,,,,,,,Membrana,,,,,,
p.Ala364Thr,,Parcialmente inactiva (0.3),,,,Juan,,,,,,,,,Membrana,,,,,,
p.Thr366Ala,,Activa (0.7),,,,Juan,,,,,,,,,Membrana,,,,,,
p.Glu368Ala,,Activa (1),,,,Juan,,,,,,,,,Membrana,,,,,,
p.Asp369Ala,,Parcialmente inactiva (0.4),,,,Juan,,,,,,,,,Membrana,,,,,,
p.Asp369Val,,Inactiva,,,,Juan,,,,,,,,,Retículo endoplásmico,,,,,,
p.Gly395Ala,,Activa (0.8),,,,Juan,,,,,,,,,Membrana,,,,,,
p.Gly395Arg,,Inactiva,,,,Juan,,,,,,,,,Membrana,,,,,,
p.Gly395Asn,,Inactiva,,,,Juan,,,,,,,,,Membrana,,,,,,
p.Gly395Asp,,Inactiva,,,,Juan,,,,,,,,,Membrana,,,,,,
p.Gly395Glu,,Inactiva,,,,Juan,,,,,,,,,Membrana,,,,,,
p.Gly395Lys,,Inactiva,,,,Juan,,,,,,,,,Membrana,,,,,,
p.Gly395Pro,,Inactiva,,,,Juan,,,,,,,,,Membrana,,,,,,
p.Gly395Ser,,Parcialmente activa (0.2),,,,Juan,,,,,,,,,Membrana,,,,,,
p.Gly395Thr,,Inactiva,,,,Juan,,,,,,,,,Membrana,,,,,,
p.Ser416Ala,,Inactiva,,,,Juan,,,,,,,,,Membrana,,,,,,
p.Ser416His,,Parcialmente activa (0.2),,,,Juan,,,,,,,,,Membrana,,,,,,
p.Ser416Thr,,Parcialmente activa (0.2),,,,Juan,,,,,,,,,Membrana,,,,,,
p.Phe417His,,Inactiva,,,,Juan,,,,,,,,,Membrana,,,,,,
p.Phe417Leu,,Activa (0.6),,,,Juan,,,,,,,,,Membrana,,,,,,
p.Phe417Ile,,Activa (0.5),,,,Juan,,,,,,,,,Membrana,,,,,,
p.Phe417Tyr,,Inactiva,,,,Juan,,,,,,,,,Membrana,,,,,,
p.Gly421Arg,,Inactiva,,,,Juan,,,,,,,,,Retículo endoplásmico,,,,,,
p.Cys440Ala,,Activa (1),,,,Juan,,,,,,,,,Membrana,,,,,,
p.Cys440Ser,,Activa (0.9),,,,Juan,,,,,,,,,Membrana,,,,,,
p.Asn441Ala,,Parcialmente inactiva (0.3),,,,Juan,,,,,,,,,Membrana (reducido),,,,,,
p.Asn441Gln,,Activa (0.9),,,,Juan,,,,,,,,,Membrana,,,,,,
p.Gln471Ala,,Activa (1),,,,Juan,,,,,,,,,Membrana,,,,,,
p.Asn485Gln,,Activa (0.8),,,,Juan,,,,,,,,,Membrana,,,,,,
p.Asn497Gln,,Activa (0.8),,,,Juan,,,,,,,,,Membrana,,,,,,
p.Asp503Asn,,-,,,,Juan,,,,,,,,,-,,,,,,
p.Ala525Phe,,Inactiva,,,,Juan,,,,,,,,,Retículo endoplásmico,,,,,,
p.Tyr531Phe,,Activa (1),,,,Juan,,,,,,,,,Membrana,,,,,,
p.Gly543Ala,,Activa (0.7),,,,Juan,,,,,,,,,Membrana,,,,,,
p.Gly543Arg,,Inactiva,,,,Juan,,,,,,,,,Retículo endoplásmico,,,,,,
p.Gly543Asn,,Inactiva,,,,Juan,,,,,,,,,Retículo endoplásmico,,,,,,
p.Gly543Asp,,Inactiva,,,,Juan,,,,,,,,,Retículo endoplásmico,,,,,,
p.Gly543Cys,,Inactiva,,,,Juan,,,,,,,,,Retículo endoplásmico,,,,,,
p.Gly543Gln,,Inactiva,,,,Juan,,,,,,,,,Retículo endoplásmico,,,,,,
p.Gly543Glu,,Inactiva,,,,Juan,,,,,,,,,Retículo endoplásmico,,,,,,
p.Gly543Lys,,Inactiva,,,,Juan,,,,,,,,,Retículo endoplásmico,,,,,,
p.Gly543Ser,,Parcialmente inactiva (0.4),,,,Juan,,,,,,,,,Membrana,,,,,,
p.Gly543Thr,,Parcialmente inactiva (0.2),,,,Juan,,,,,,,,,Membrana,,,,,,
p.Gly543Trp,,Inactiva,,,,Juan,,,,,,,,,Retículo endoplásmico,,,,,,
p.Gly543Val,,Inactiva,,,,Juan,,,,,,,,,Retículo endoplásmico,,,,,,
p.Ser547Arg,,Inactiva,,,,Juan,,,,,,,,,Retículo endoplásmico,,,,,,
p.Gly561Gln,,Parcialmente inactiva (0.3),,,,Juan,,,,,,,,,Membrana (reducido),,,,,,
p.Gly561Glu,,Parcialmente inactiva (0.2),,,,Juan,,,,,,,,,Membrana (reducido),,,,,,
p.Arg569Trp,,-,,,,Juan,,,,,,,,,-,,,,,,
p.Thr575Ala,,Activa (1),,,,Juan,,,,,,,,,-,,,,,,
p.Thr577Asp,,Activa (1),,,,Juan,,,,,,,,,Membrana,,,,,,
p.Val580Ala,,Activa (1),,,,Juan,,,,,,,,,Membrana,,,,,,
p.Ser581Ala,,Activa (0.6),,,,Juan,,,,,,,,,Membrana,,,,,,
p.Ser581Asp,,Activa (1),,,,Juan,,,,,,,,,Membrana,,,,,,
p.Leu587Ala,,Activa (1),,,,Juan,,,,,,,,,-,,,,,,
p.Val588Ala,,Activa (1),,,,Juan,,,,,,,,,-,,,,,,
p.Leu594Ala,,Activa (1),,,,Juan,,,,,,,,,-,,,,,,
p.Leu594Phe,,-,,,,Juan,,,,,,,,,-,,,,,,
p.Leu612Ala,,Activa (1),,,,Juan,,,,,,,,,-,,,,,,
p.Glu621Ala,,Activa (1),,,,Juan,,,,,,,,,-,,,,,,
p.Thr6Ile,VCV000891359,,880127,NC_000019.10:17872335:C:T,Thyroid dyshormonogenesis 1,ClinVar,19,17983145,19,17872336,SLC5A5,Uncertain significance,"Jan 13, 2018","criteria provided, single submitter",,missense variant,NM_000453.3(SLC5A5):c.17C>T (p.Thr6Ile),T6I,single nucleotide variant,891359,rs2094296184
p.Gly7Arg,VCV000891360,,880128,NC_000019.10:17872337:G:A,Thyroid dyshormonogenesis 1,ClinVar,19,17983147,19,17872338,SLC5A5,Uncertain significance,"Jan 13, 2018","criteria provided, single submitter",,missense variant,NM_000453.3(SLC5A5):c.19G>A (p.Gly7Arg),G7R,single nucleotide variant,891360,rs371312154
p.Met23Leu,VCV003165258,,3325796,NC_000019.10:17872385:A:T,Inborn genetic diseases,ClinVar,19,17983195,19,17872386,SLC5A5,Uncertain significance,"Dec 12, 2023","criteria provided, single submitter",,missense variant,NM_000453.3(SLC5A5):c.67A>T (p.Met23Leu),M23L,single nucleotide variant,3165258,rs745546865
p.Gly35Arg,VCV002334784,,2328421,NC_000019.10:17872421:G:A,Inborn genetic diseases,ClinVar,19,17983231,19,17872422,SLC5A5,Uncertain significance,"Feb 9, 2025","criteria provided, single submitter",,missense variant,NM_000453.3(SLC5A5):c.103G>A (p.Gly35Arg),G35R,single nucleotide variant,2334784,rs762287158
p.Arg42Leu,VCV003444892,,3597009,NC_000019.10:17872443:G:T,Inborn genetic diseases,ClinVar,19,17983253,19,17872444,SLC5A5,Uncertain significance,"Sep 25, 2024","criteria provided, single submitter",,missense variant,NM_000453.3(SLC5A5):c.125G>T (p.Arg42Leu),R42L,single nucleotide variant,3444892,
p.Gly51Asp,VCV003798121,,3911478,NC_000019.10:17872470:G:A,Inborn genetic diseases,ClinVar,19,17983280,19,17872471,SLC5A5,Uncertain significance,"Jan 27, 2025","criteria provided, single submitter",,missense variant,NM_000453.3(SLC5A5):c.152G>A (p.Gly51Asp),G51D,single nucleotide variant,3798121,
p.Gly75Asp,VCV003320056,,3480954,NC_000019.10:17872542:G:A,Inborn genetic diseases,ClinVar,19,17983352,19,17872543,SLC5A5,Uncertain significance,"Mar 25, 2024","criteria provided, single submitter",,missense variant,NM_000453.3(SLC5A5):c.224G>A (p.Gly75Asp),G75D,single nucleotide variant,3320056,
p.Val99Gly,VCV003444896,,3597013,NC_000019.10:17872614:T:G,Inborn genetic diseases,ClinVar,19,17983424,19,17872615,SLC5A5,Uncertain significance,"Oct 28, 2024","criteria provided, single submitter",,missense variant,NM_000453.3(SLC5A5):c.296T>G (p.Val99Gly),V99G,single nucleotide variant,3444896,
p.Val99Ala,VCV000891361,,880129,NC_000019.10:17872614:T:C,Thyroid dyshormonogenesis 1,ClinVar,19,17983424,19,17872615,SLC5A5,Uncertain significance,"Jan 12, 2018","criteria provided, single submitter",,missense variant,NM_000453.3(SLC5A5):c.296T>C (p.Val99Ala),V99A,single nucleotide variant,891361,rs1055928965
p.Ala102Ser,VCV003165257,,3325795,NC_000019.10:17872622:G:T,Inborn genetic diseases,ClinVar,19,17983432,19,17872623,SLC5A5,Uncertain significance,"Dec 26, 2023","criteria provided, single submitter",,missense variant,NM_000453.3(SLC5A5):c.304G>T (p.Ala102Ser),A102S,single nucleotide variant,3165257,rs1008158100
p.Ala128Ser,VCV002312782,,2302557,NC_000019.10:17874161:G:T,Inborn genetic diseases,ClinVar,19,17984971,19,17874162,SLC5A5,Uncertain significance,"Sep 22, 2022","criteria provided, single submitter",,missense variant,NM_000453.3(SLC5A5):c.382G>T (p.Ala128Ser),A128S,single nucleotide variant,2312782,rs1455835176
p.Thr141Arg,VCV002264113,,2259136,NC_000019.10:17874201:C:G,Inborn genetic diseases,ClinVar,19,17985011,19,17874202,SLC5A5,Uncertain significance,"Dec 3, 2021","criteria provided, single submitter",,missense variant,NM_000453.3(SLC5A5):c.422C>G (p.Thr141Arg),T141R,single nucleotide variant,2264113,rs372849437
p.Asn157Lys,VCV002581560,,2749139,NC_000019.10:17874540:C:A,not specified,ClinVar,19,17985350,19,17874541,SLC5A5,Uncertain significance,"Aug 8, 2023","criteria provided, single submitter",,missense variant,NM_000453.3(SLC5A5):c.471C>A (p.Asn157Lys),N157K,single nucleotide variant,2581560,rs376216135
p.Gly161Glu,VCV002240178,,2225721,NC_000019.10:17874669:G:A,Inborn genetic diseases,ClinVar,19,17985479,19,17874670,SLC5A5,Uncertain significance,"Sep 14, 2022","criteria provided, single submitter",,missense variant,NM_000453.3(SLC5A5):c.482G>A (p.Gly161Glu),G161E,single nucleotide variant,2240178,rs750824686
p.Thr179Met,VCV003444894,,3597011,NC_000019.10:17874723:C:T,Inborn genetic diseases,ClinVar,19,17985533,19,17874724,SLC5A5,Uncertain significance,"Nov 8, 2024","criteria provided, single submitter",,missense variant,NM_000453.3(SLC5A5):c.536C>T (p.Thr179Met),T179M,single nucleotide variant,3444894,
p.Arg208Cys,VCV002618183,,2785440,NC_000019.10:17876029:C:T,Inborn genetic diseases,ClinVar,19,17986839,19,17876030,SLC5A5,Uncertain significance,"Aug 14, 2023","criteria provided, single submitter",,missense variant,NM_000453.3(SLC5A5):c.622C>T (p.Arg208Cys),R208C,single nucleotide variant,2618183,rs776870236
p.Arg217Cys,VCV000892556,,880131,NC_000019.10:17876056:C:T,Inborn genetic diseases|Thyroid dyshormonogenesis 1,ClinVar,19,17986866,19,17876057,SLC5A5,Uncertain significance,"Aug 19, 2023","criteria provided, multiple submitters, no conflicts",,missense variant,NM_000453.3(SLC5A5):c.649C>T (p.Arg217Cys),R217C,single nucleotide variant,892556,rs779661677
p.Arg228Gln,VCV003165259,,3325797,NC_000019.10:17876090:G:A,Inborn genetic diseases,ClinVar,19,17986900,19,17876091,SLC5A5,Uncertain significance,"Dec 15, 2023","criteria provided, single submitter",,missense variant,NM_000453.3(SLC5A5):c.683G>A (p.Arg228Gln),R228Q,single nucleotide variant,3165259,rs770242050
p.Ile229Ser,VCV000889195,,880134,NC_000019.10:17876093:T:G,Thyroid dyshormonogenesis 1,ClinVar,19,17986903,19,17876094,SLC5A5,Uncertain significance,"Jan 13, 2018","criteria provided, single submitter",,missense variant,NM_000453.3(SLC5A5):c.686T>G (p.Ile229Ser),I229S,single nucleotide variant,889195,rs371763681
p.Arg241His,VCV002223315,,2217944,NC_000019.10:17877745:G:A,Inborn genetic diseases,ClinVar,19,17988555,19,17877746,SLC5A5,Uncertain significance,"Nov 19, 2021","criteria provided, single submitter",,missense variant,NM_000453.3(SLC5A5):c.722G>A (p.Arg241His),R241H,single nucleotide variant,2223315,rs147554729
p.Ala264Val,VCV001305965,,1297236,NC_000019.10:17877814:C:T,not provided,ClinVar,19,17988624,19,17877815,SLC5A5,Uncertain significance,"May 24, 2019","criteria provided, single submitter",,missense variant,NM_000453.3(SLC5A5):c.791C>T (p.Ala264Val),A264V,single nucleotide variant,1305965,rs1426316490
p.Gln265Arg,VCV000917859,,906179,NC_000019.10:17877817:A:G,Thyroid dyshormonogenesis 1,ClinVar,19,17988627,19,17877818,SLC5A5,Likely pathogenic,"May 7, 2020",no assertion criteria provided,,missense variant,NM_000453.3(SLC5A5):c.794A>G (p.Gln265Arg),Q265R,single nucleotide variant,917859,rs2094311069
p.Val270Met,VCV003798124,,3911481,NC_000019.10:17877831:G:A,Inborn genetic diseases,ClinVar,19,17988641,19,17877832,SLC5A5,Uncertain significance,"Jan 17, 2025","criteria provided, single submitter",,missense variant,NM_000453.3(SLC5A5):c.808G>A (p.Val270Met),V270M,single nucleotide variant,3798124,
p.Cys299Tyr,VCV003165260,,3325798,NC_000019.10:17878019:G:A,Inborn genetic diseases,ClinVar,19,17988829,19,17878020,SLC5A5,Uncertain significance,"Dec 15, 2023","criteria provided, single submitter",,missense variant,NM_000453.3(SLC5A5):c.896G>A (p.Cys299Tyr),C299Y,single nucleotide variant,3165260,rs773088082
p.Tyr307Cys,VCV003444897,,3597014,NC_000019.10:17878043:A:G,Inborn genetic diseases,ClinVar,19,17988853,19,17878044,SLC5A5,Uncertain significance,"Oct 28, 2024","criteria provided, single submitter",,missense variant,NM_000453.3(SLC5A5):c.920A>G (p.Tyr307Cys),Y307C,single nucleotide variant,3444897,
p.Asp309Gly,VCV003165261,,3325799,NC_000019.10:17878049:A:G,Inborn genetic diseases,ClinVar,19,17988859,19,17878050,SLC5A5,Uncertain significance,"Oct 5, 2023","criteria provided, single submitter",,missense variant,NM_000453.3(SLC5A5):c.926A>G (p.Asp309Gly),D309G,single nucleotide variant,3165261,rs2514625036
p.Ala320Thr,VCV000889878,,880137,NC_000019.10:17878081:G:A,not provided|Thyroid dyshormonogenesis 1,ClinVar,19,17988891,19,17878082,SLC5A5,Uncertain significance,"Mar 20, 2024","criteria provided, multiple submitters, no conflicts",,missense variant,NM_000453.3(SLC5A5):c.958G>A (p.Ala320Thr),A320T,single nucleotide variant,889878,rs142127951
p.Glu334Lys,VCV003444895,,3597012,NC_000019.10:17880894:G:A,Inborn genetic diseases,ClinVar,19,17991704,19,17880895,SLC5A5,Uncertain significance,"Aug 4, 2024","criteria provided, single submitter",,missense variant,NM_000453.3(SLC5A5):c.1000G>A (p.Glu334Lys),E334K,single nucleotide variant,3444895,
p.Gly341Arg,VCV002999134,,3167184,NC_000019.10:17880915:G:A,not provided,ClinVar,19,17991725,19,17880916,SLC5A5,Likely pathogenic,"Sep 8, 2023","criteria provided, single submitter",,missense variant,NM_000453.3(SLC5A5):c.1021G>A (p.Gly341Arg),G341R,single nucleotide variant,2999134,rs1175129581
p.Met362Leu,VCV000889879,,880138,NC_000019.10:17881984:A:T,Thyroid dyshormonogenesis 1,ClinVar,19,17992794,19,17881985,SLC5A5,Uncertain significance,"Jan 13, 2018","criteria provided, single submitter",,missense variant,NM_000453.3(SLC5A5):c.1084A>T (p.Met362Leu),M362L,single nucleotide variant,889879,rs752274081
p.Arg376Trp,VCV002429037,,2402477,NC_000019.10:17882026:C:T,not provided,ClinVar,19,17992836,19,17882027,SLC5A5,Uncertain significance,"Dec 19, 2022","criteria provided, single submitter",,missense variant,NM_000453.3(SLC5A5):c.1126C>T (p.Arg376Trp),R376W,single nucleotide variant,2429037,rs375999547
p.Val384Leu,VCV002247555,,2244750,NC_000019.10:17882050:G:C,Inborn genetic diseases,ClinVar,19,17992860,19,17882051,SLC5A5,Uncertain significance,"Aug 30, 2021","criteria provided, single submitter",,missense variant,NM_000453.3(SLC5A5):c.1150G>C (p.Val384Leu),V384L,single nucleotide variant,2247555,rs200231414
p.Cys398Arg,VCV000889881,,880140,NC_000019.10:17882168:T:C,Thyroid dyshormonogenesis 1,ClinVar,19,17992978,19,17882169,SLC5A5,Uncertain significance,"Jan 13, 2018","criteria provided, single submitter",,missense variant,NM_000453.3(SLC5A5):c.1192T>C (p.Cys398Arg),C398R,single nucleotide variant,889881,rs1421358195
p.Met420Ile,VCV003444891,,3597008,NC_000019.10:17883697:G:A,Inborn genetic diseases,ClinVar,19,17994507,19,17883698,SLC5A5,Uncertain significance,"Aug 20, 2024","criteria provided, single submitter",,missense variant,NM_000453.3(SLC5A5):c.1260G>A (p.Met420Ile),M420I,single nucleotide variant,3444891,
p.Leu427Arg,VCV003798125,,3911482,NC_000019.10:17883717:T:G,Inborn genetic diseases,ClinVar,19,17994527,19,17883718,SLC5A5,Uncertain significance,"Feb 7, 2025","criteria provided, single submitter",,missense variant,NM_000453.3(SLC5A5):c.1280T>G (p.Leu427Arg),L427R,single nucleotide variant,3798125,
p.Phe436Cys,VCV003165253,,3325791,NC_000019.10:17883744:T:G,Inborn genetic diseases,ClinVar,19,17994554,19,17883745,SLC5A5,Uncertain significance,"Oct 25, 2023","criteria provided, single submitter",,missense variant,NM_000453.3(SLC5A5):c.1307T>G (p.Phe436Cys),F436C,single nucleotide variant,3165253,rs746913485
p.Leu437Pro,VCV003165254,,3325792,NC_000019.10:17883747:T:C,Inborn genetic diseases,ClinVar,19,17994557,19,17883748,SLC5A5,Uncertain significance,"Nov 9, 2023","criteria provided, single submitter",,missense variant,NM_000453.3(SLC5A5):c.1310T>C (p.Leu437Pro),L437P,single nucleotide variant,3165254,rs759127701
p.Asn441Lys,VCV002354405,,2337112,NC_000019.10:17883760:C:G,Inborn genetic diseases,ClinVar,19,17994570,19,17883761,SLC5A5,Uncertain significance,"Jun 17, 2022","criteria provided, single submitter",,missense variant,NM_000453.3(SLC5A5):c.1323C>G (p.Asn441Lys),N441K,single nucleotide variant,2354405,rs368897642
p.Leu446Phe,VCV002234348,,2231136,NC_000019.10:17883855:C:T,Inborn genetic diseases,ClinVar,19,17994665,19,17883856,SLC5A5,Uncertain significance,"Jun 22, 2021","criteria provided, single submitter",,missense variant,NM_000453.3(SLC5A5):c.1336C>T (p.Leu446Phe),L446F,single nucleotide variant,2234348,rs982826847
p.Ala447Gly,VCV000891418,,880141,NC_000019.10:17883859:C:G,Thyroid dyshormonogenesis 1,ClinVar,19,17994669,19,17883860,SLC5A5,Uncertain significance,"Jan 13, 2018","criteria provided, single submitter",,missense variant,NM_000453.3(SLC5A5):c.1340C>G (p.Ala447Gly),A447G,single nucleotide variant,891418,rs577079350
p.Glu470Gly,VCV003165255,,3325793,NC_000019.10:17883928:A:G,Inborn genetic diseases,ClinVar,19,17994738,19,17883929,SLC5A5,Uncertain significance,"Oct 20, 2023","criteria provided, single submitter",,missense variant,NM_000453.3(SLC5A5):c.1409A>G (p.Glu470Gly),E470G,single nucleotide variant,3165255,rs1220591040
p.Met473Val,VCV003340049,,3499311,NC_000019.10:17883936:A:G,not specified,ClinVar,19,17994746,19,17883937,SLC5A5,Uncertain significance,"Jun 14, 2024","criteria provided, single submitter",,missense variant,NM_000453.3(SLC5A5):c.1417A>G (p.Met473Val),M473V,single nucleotide variant,3340049,
p.Met473Thr,VCV002338893,,2322589,NC_000019.10:17883937:T:C,Inborn genetic diseases,ClinVar,19,17994747,19,17883938,SLC5A5,Uncertain significance,"Jan 10, 2022","criteria provided, single submitter",,missense variant,NM_000453.3(SLC5A5):c.1418T>C (p.Met473Thr),M473T,single nucleotide variant,2338893,rs559355247
p.Met473Ile,VCV003320057,,3480955,NC_000019.10:17883938:G:A,Inborn genetic diseases,ClinVar,19,17994748,19,17883939,SLC5A5,Uncertain significance,"May 7, 2024","criteria provided, single submitter",,missense variant,NM_000453.3(SLC5A5):c.1419G>A (p.Met473Ile),M473I,single nucleotide variant,3320057,
p.Arg474Lys,VCV000891419,,880142,NC_000019.10:17883940:G:A,Thyroid dyshormonogenesis 1,ClinVar,19,17994750,19,17883941,SLC5A5,Uncertain significance,"Jul 21, 2021","criteria provided, multiple submitters, no conflicts",,missense variant,NM_000453.3(SLC5A5):c.1421G>A (p.Arg474Lys),R474K,single nucleotide variant,891419,rs577226533
p.Ala481Val,VCV002287303,,2282295,NC_000019.10:17883961:C:T,Inborn genetic diseases,ClinVar,19,17994771,19,17883962,SLC5A5,Uncertain significance,"May 4, 2022","criteria provided, single submitter",,missense variant,NM_000453.3(SLC5A5):c.1442C>T (p.Ala481Val),A481V,single nucleotide variant,2287303,rs771359020
p.Ala490Thr,VCV003798123,,3911480,NC_000019.10:17883987:G:A,Inborn genetic diseases,ClinVar,19,17994797,19,17883988,SLC5A5,Uncertain significance,"Dec 24, 2024","criteria provided, single submitter",,missense variant,NM_000453.3(SLC5A5):c.1468G>A (p.Ala490Thr),A490T,single nucleotide variant,3798123,
p.Pro496Arg,VCV002238065,,2228794,NC_000019.10:17884006:C:G,Inborn genetic diseases,ClinVar,19,17994816,19,17884007,SLC5A5,Uncertain significance,"Jul 16, 2021","criteria provided, single submitter",,missense variant,NM_000453.3(SLC5A5):c.1487C>G (p.Pro496Arg),P496R,single nucleotide variant,2238065,rs756127637
p.Pro500Leu,VCV002248191,,2241930,NC_000019.10:17884018:C:T,Inborn genetic diseases,ClinVar,19,17994828,19,17884019,SLC5A5,Uncertain significance,"Sep 1, 2021","criteria provided, single submitter",,missense variant,NM_000453.3(SLC5A5):c.1499C>T (p.Pro500Leu),P500L,single nucleotide variant,2248191,rs531134045
p.Asn502Lys,VCV000328540,,349541,NC_000019.10:17884025:C:G,Inborn genetic diseases|Thyroid dyshormonogenesis 1,ClinVar,19,17994835,19,17884026,SLC5A5,Uncertain significance,"Dec 8, 2023","criteria provided, multiple submitters, no conflicts",,missense variant,NM_000453.3(SLC5A5):c.1506C>G (p.Asn502Lys),N502K,single nucleotide variant,328540,rs757216908
p.Arg506Thr,VCV002352258,,2340244,NC_000019.10:17884036:G:C,Inborn genetic diseases,ClinVar,19,17994846,19,17884037,SLC5A5,Uncertain significance,"Oct 1, 2024","criteria provided, single submitter",,missense variant,NM_000453.3(SLC5A5):c.1517G>C (p.Arg506Thr),R506T,single nucleotide variant,2352258,rs199838566
p.Ala518Val,VCV003444893,,3597010,NC_000019.10:17888356:C:T,Inborn genetic diseases,ClinVar,19,17999166,19,17888357,SLC5A5,Uncertain significance,"Dec 2, 2024","criteria provided, single submitter",,missense variant,NM_000453.3(SLC5A5):c.1553C>T (p.Ala518Val),A518V,single nucleotide variant,3444893,
p.Tyr530Cys,VCV003798122,,3911479,NC_000019.10:17888392:A:G,Inborn genetic diseases,ClinVar,19,17999202,19,17888393,SLC5A5,Uncertain significance,"Jan 24, 2025","criteria provided, single submitter",,missense variant,NM_000453.3(SLC5A5):c.1589A>G (p.Tyr530Cys),Y530C,single nucleotide variant,3798122,
p.Ala533Thr,VCV002603547,,2778527,NC_000019.10:17888400:G:A,Inborn genetic diseases,ClinVar,19,17999210,19,17888401,SLC5A5,Uncertain significance,"Aug 15, 2023","criteria provided, single submitter",,missense variant,NM_000453.3(SLC5A5):c.1597G>A (p.Ala533Thr),A533T,single nucleotide variant,2603547,rs781551322
p.Cys548Tyr,VCV000891666,,880143,NC_000019.10:17888446:G:A,Thyroid dyshormonogenesis 1,ClinVar,19,17999256,19,17888447,SLC5A5,Uncertain significance,"Jan 13, 2018","criteria provided, single submitter",,missense variant,NM_000453.3(SLC5A5):c.1643G>A (p.Cys548Tyr),C548Y,single nucleotide variant,891666,rs1389518713
p.Thr550Arg,VCV002228780,,2219520,NC_000019.10:17888452:C:G,Inborn genetic diseases,ClinVar,19,17999262,19,17888453,SLC5A5,Uncertain significance,"Jan 27, 2021","criteria provided, single submitter",,missense variant,NM_000453.3(SLC5A5):c.1649C>G (p.Thr550Arg),T550R,single nucleotide variant,2228780,rs565066868
p.Arg569Gln,VCV003165256,,3325794,NC_000019.10:17890939:G:A,Inborn genetic diseases,ClinVar,19,18001749,19,17890940,SLC5A5,Uncertain significance,"Nov 27, 2023","criteria provided, single submitter",,missense variant,NM_000453.3(SLC5A5):c.1706G>A (p.Arg569Gln),R569Q,single nucleotide variant,3165256,rs370961138
p.Gly597Arg,VCV001335333,,1326305,NC_000019.10:17893733:G:A,Thyroid dyshormonogenesis 1|Inborn genetic diseases|not provided,ClinVar,19,18004543,19,17893734,SLC5A5,Uncertain significance,"Oct 4, 2024","criteria provided, multiple submitters, no conflicts",,missense variant,NM_000453.3(SLC5A5):c.1789G>A (p.Gly597Arg),G597R,single nucleotide variant,1335333,rs536886161
p.Thr607Ala,VCV002492458,,2471492,NC_000019.10:17893763:A:G,Inborn genetic diseases,ClinVar,19,18004573,19,17893764,SLC5A5,Uncertain significance,"Mar 1, 2023","criteria provided, single submitter",,missense variant,NM_000453.3(SLC5A5):c.1819A>G (p.Thr607Ala),T607A,single nucleotide variant,2492458,rs138312955
p.Arg611His,VCV002329751,,2316911,NC_000019.10:17893776:G:A,Inborn genetic diseases,ClinVar,19,18004586,19,17893777,SLC5A5,Likely benign,"Nov 30, 2022","criteria provided, single submitter",,missense variant,NM_000453.3(SLC5A5):c.1832G>A (p.Arg611His),R611H,single nucleotide variant,2329751,rs778681041
